[Header],,,
FileFormatVersion,2,,
RunName,230724_VH00711_85_AACYYTYM5,,
InstrumentPlatform,NextSeq2k,,
InstrumentType,NextSeq2000,,
,,,
[Reads],,,
Read1Cycles,61,,
Read2Cycles,61,,
Index1Cycles,8,,
Index2Cycles,8,,
,,,
[Settings],,,
BarcodeMistmatchesIndex1,1,,
BarcodeMismatchesIndex2,1,,
FastqCompressionFormat,gzip,,
,,,
[Data],,,
Sample_ID,Sample_Project,index,index2
Empty_1,230724_MT_MH_CUTnTag,TCCTGAGC,TCTACTCT
Empty_2,230724_MT_MH_CUTnTag,GGACTCCT,TCTACTCT
Empty_3,230724_MT_MH_CUTnTag,TAGGCATG,TCTACTCT
WT_1,230724_MT_MH_CUTnTag,CTCTCTAC,TCTACTCT
WT_2,230724_MT_MH_CUTnTag,CAGAGAGG,TCTACTCT
WT_3,230724_MT_MH_CUTnTag,GCTACGCT,TCTACTCT
MT2_1,230724_MT_MH_CUTnTag,CGAGGCTG,TCTACTCT
MT2_2,230724_MT_MH_CUTnTag,AAGAGGCA,TCTACTCT
MT2_3,230724_MT_MH_CUTnTag,GTAGAGGA,TCTACTCT
Mock_1,230724_MT_MH_CUTnTag,TAAGGCGA,GCGATCTA
Mock_2,230724_MT_MH_CUTnTag,CGTACTAG,GCGATCTA
Mock_3,230724_MT_MH_CUTnTag,AGGCAGAA,AGAGGATA
EZH2_1,230724_MT_MH_CUTnTag,TCCTGAGC,AGAGGATA
EZH2_2,230724_MT_MH_CUTnTag,GGACTCCT,AGAGGATA
EZH2_3,230724_MT_MH_CUTnTag,TAGGCATG,AGAGGATA
UNC1999,230724_MT_MH_CUTnTag,CTCTCTAC,AGAGGATA
